{"lm loss":2.7837612628936768,"lm loss validation":2.776923418045044,"_wandb":{"runtime":3368},"_runtime":3368.997150525,"_timestamp":1.779508490515215e+09,"grad-norm":0.3255000114440918,"loss-scale":1,"batch-size":256,"samples vs steps":128000,"throughput":263.46977170657414,"tokens-per-sec-per-gpu":53368.24201268612,"iteration-time":4.911984920501709,"_step":500,"learning-rate":2.9999999242136255e-05}