{"_wandb":{"runtime":3318},"batch-size":256,"_step":500,"samples vs steps":128000,"lm loss validation":2.8144235610961914,"learning-rate":2.9999999242136255e-05,"_timestamp":1.7795085275478492e+09,"grad-norm":0.23517681658267975,"iteration-time":4.596672773361206,"throughput":281.5426743297189,"lm loss":2.811905860900879,"_runtime":3318.159080877,"tokens-per-sec-per-gpu":57029.07579568983,"loss-scale":1}