{"loss-scale":1,"throughput":68.54010631904204,"batch-size":128,"lm loss validation":3.1576671600341797,"iteration-time":9.440892457962036,"grad-norm":0.387715607881546,"tokens-per-sec-per-gpu":13883.433222402571,"samples vs steps":64000,"_timestamp":1.7795071521522334e+09,"learning-rate":2.9999999242136255e-05,"_wandb":{"runtime":1941},"_runtime":1941.978934086,"lm loss":3.1899428367614746,"_step":500}