{"loss-scale":1,"_timestamp":1.7795084903250442e+09,"tokens-per-sec-per-gpu":53354.658849745894,"samples vs steps":128000,"throughput":263.4027139826554,"_runtime":3398.058320834,"lm loss validation":2.960298538208008,"_wandb":{"runtime":3398},"grad-norm":0.3607887029647827,"batch-size":256,"iteration-time":4.913235425949097,"lm loss":2.9352986812591553,"_step":500,"learning-rate":2.9999999242136255e-05}