{"_wandb":{"runtime":3372},"learning-rate":2.9999999242136255e-05,"samples vs steps":128000,"_timestamp":1.7795085272504406e+09,"iteration-time":4.597979545593262,"lm loss":2.796671152114868,"lm loss validation":2.7966387271881104,"tokens-per-sec-per-gpu":57012.86780434698,"batch-size":256,"loss-scale":1,"_step":500,"_runtime":3372.721814667,"grad-norm":0.24126553535461426,"throughput":281.4626582823867}