{"lm loss validation":2.3692851066589355,"_wandb":{"runtime":1597},"loss-scale":1,"tokens-per-sec-per-gpu":71189.22678349302,"_timestamp":1.779610141336026e+09,"grad-norm":0.1624811738729477,"batch-size":256,"learning-rate":2.9999999242136255e-05,"lm loss":2.4116058349609375,"_step":1010,"iteration-time":0.9205887317657471,"_runtime":1597.55121201,"throughput":351.4488883511643,"samples vs steps":258560}